id,usuario,email,clave
1,manuelguillegil,manuel@gmail.com,123
2,guillegil,gil3@usb.ve,123
3,mafer,mager@gmail.com,456
4,andresito,andresito@gmail.com,587
5,javiermed,medjav@gmail.com,789
6,panaalfre,alfredonski@gmail.com,159
7,sebasmith,smith3@pana.tech,157
8,rochasa,andresroch@hotmail.com,369
9,blancoed,eduardo@usb.ve,456
10,cristianorol,ronaldocris@real.madrid,745
11,lionelmess,messionel@gmail.com,653
12,jonasb,nickjonas@jonas.com,845
13,edwar,joeled@gmail.com,695
14,artigo,domingo@panatech.io,652
15,startleo,leopoldo@yahoo.com,459